gull	https://macaulaylibrary.org/asset/56460521	https://cdn.download.ams.birds.cornell.edu/api/v2/asset/56460521/1200
crow	https://macaulaylibrary.org/asset/51777001	https://cdn.download.ams.birds.cornell.edu/api/v2/asset/51777001/1200
pigeon	https://macaulaylibrary.org/asset/61674401	https://cdn.download.ams.birds.cornell.edu/api/v2/asset/61674401/1200
robin	https://macaulaylibrary.org/asset/222821411	https://cdn.download.ams.birds.cornell.edu/api/v2/asset/222821411/1200
bluebird	https://macaulaylibrary.org/asset/213783891	https://cdn.download.ams.birds.cornell.edu/api/v2/asset/213783891/1200
sparrow	https://macaulaylibrary.org/asset/51357991	https://cdn.download.ams.birds.cornell.edu/api/v2/asset/51357991/1200
cardinal	https://macaulaylibrary.org/asset/257386271	https://cdn.download.ams.birds.cornell.edu/api/v2/asset/257386271/1200
swallow	https://macaulaylibrary.org/asset/227073431	https://cdn.download.ams.birds.cornell.edu/api/v2/asset/227073431/1200
goldfinch	https://macaulaylibrary.org/asset/172924761	https://cdn.download.ams.birds.cornell.edu/api/v2/asset/172924761/1200
chickadee	https://macaulaylibrary.org/asset/47337851	https://cdn.download.ams.birds.cornell.edu/api/v2/asset/47337851/1200
starling	https://macaulaylibrary.org/asset/205138871	https://cdn.download.ams.birds.cornell.edu/api/v2/asset/205138871/1200
gull-flight	https://macaulaylibrary.org/asset/37472031	https://cdn.download.ams.birds.cornell.edu/api/v2/asset/37472031/1200
crow-flight	https://macaulaylibrary.org/asset/38263061	https://cdn.download.ams.birds.cornell.edu/api/v2/asset/38263061/1200
